Season,Episode,Title,AirDate,ViewersInMillions
1,1,Pilot,"June 23, 2011(2011-06-23)",4.64
1,2,Errors and Omissions,"June 30, 2011(2011-06-30)",3.89
1,3,Inside Track,"July 7, 2011(2011-07-07)",4.53
1,4,Dirty Little Secrets,"July 14, 2011(2011-07-14)",4.38
1,5,Bail Out,"July 21, 2011(2011-07-21)",4.38
1,6,Tricks of the Trade,"July 28, 2011(2011-07-28)",4.44
1,7,Play the Man,"August 4, 2011(2011-08-04)",4.03
1,8,Identity Crisis,"August 11, 2011(2011-08-11)",3.96
1,9,Undefeated,"August 18, 2011(2011-08-18)",4.45
1,10,Shelf Life,"August 25, 2011(2011-08-25)",3.82
1,11,Rules of the Game,"September 1, 2011(2011-09-01)",3.96
1,12,Dog Fight,"September 8, 2011(2011-09-08)",3.47
2,1,She Knows,"June 14, 2012(2012-06-14)",3.47
2,2,The Choice,"June 21, 2012(2012-06-21)",3.8
2,3,Meet the New Boss,"June 28, 2012(2012-06-28)",3.88
2,4,Discovery,"July 12, 2012(2012-07-12)",3.7
2,5,Break Point,"July 19, 2012(2012-07-19)",3.72
2,6,All In,"July 26, 2012(2012-07-26)",3.89
2,7,Sucker Punch,"August 2, 2012(2012-08-02)",3.41
2,8,Rewind,"August 9, 2012(2012-08-09)",3.42
2,9,Asterisk,"August 16, 2012(2012-08-16)",4.0
2,10,High Noon,"August 23, 2012(2012-08-23)",4.48
2,11,Blind-Sided,"January 17, 2013(2013-01-17)",3.57
2,12,Blood in the Water,"January 24, 2013(2013-01-24)",3.75
2,13,Zane vs. Zane,"January 31, 2013(2013-01-31)",3.36
2,14,He's Back,"February 7, 2013(2013-02-07)",3.07
2,15,Normandy,"February 14, 2013(2013-02-14)",2.9
2,16,War,"February 21, 2013(2013-02-21)",3.2
3,1,The Arrangement,"July 16, 2013(2013-07-16)",2.93
3,2,I Want You to Want Me,"July 23, 2013(2013-07-23)",2.88
3,3,Unfinished Business,"July 30, 2013(2013-07-30)",2.47
3,4,Conflict of Interest,"August 6, 2013(2013-08-06)",2.99
3,5,Shadow of a Doubt,"August 13, 2013(2013-08-13)",2.79
3,6,The Other Time,"August 20, 2013(2013-08-20)",2.76
3,7,She's Mine,"August 27, 2013(2013-08-27)",2.79
3,8,Endgame,"September 3, 2013(2013-09-03)",3.52
3,9,Bad Faith,"September 10, 2013(2013-09-10)",2.95
3,10,Stay,"September 17, 2013(2013-09-17)",3.16
3,11,Buried Secrets,"March 6, 2014(2014-03-06)",2.27
3,12,Yesterday's Gone,"March 13, 2014(2014-03-13)",2.27
3,13,Moot Point,"March 20, 2014(2014-03-20)",2.35
3,14,Heartburn,"March 27, 2014(2014-03-27)",2.53
3,15,Know When to Fold 'Em,"April 3, 2014(2014-04-03)",2.5
3,16,No Way Out,"April 10, 2014(2014-04-10)",2.4
4,1,One-Two-Three Go...,"June 11, 2014(2014-06-11)",2.5
4,2,"Breakfast, Lunch and Dinner","June 18, 2014(2014-06-18)",2.65
4,3,Two in the Knees,"June 25, 2014(2014-06-25)",2.76
4,4,Leveraged,"July 9, 2014(2014-07-09)",2.42
4,5,Pound of Flesh,"July 16, 2014(2014-07-16)",2.33
4,6,Litt the Hell Up,"July 23, 2014(2014-07-23)",2.7
4,7,We're Done,"July 30, 2014(2014-07-30)",2.81
4,8,Exposure,"August 6, 2014(2014-08-06)",2.59
4,9,Gone,"August 13, 2014(2014-08-13)",2.59
4,10,This Is Rome,"August 20, 2014(2014-08-20)",2.76
4,11,Enough Is Enough,"January 28, 2015(2015-01-28)",1.87
4,12,Respect,"February 4, 2015(2015-02-04)",1.67
4,13,Fork in the Road,"February 11, 2015(2015-02-11)",1.46
4,14,Derailed,"February 18, 2015(2015-02-18)",1.7
4,15,Intent,"February 25, 2015(2015-02-25)",1.8
4,16,Not Just a Pretty Face,"March 4, 2015(2015-03-04)",1.55
5,1,Denial,"June 24, 2015(2015-06-24)",2.13
5,2,Compensation,"July 1, 2015(2015-07-01)",2.27
5,3,No Refills,"July 8, 2015(2015-07-08)",2.16
5,4,No Puedo Hacerlo,"July 15, 2015(2015-07-15)",2.38
5,5,Toe to Toe,"July 22, 2015(2015-07-22)",2.09
5,6,Privilege,"July 29, 2015(2015-07-29)",2.16
5,7,Hitting Home,"August 5, 2015(2015-08-05)",2.08
5,8,Mea Culpa,"August 12, 2015(2015-08-12)",2.31
5,9,Uninvited Guests,"August 19, 2015(2015-08-19)",2.3
5,10,Faith,"August 26, 2015(2015-08-26)",2.34
5,11,Blowback,"January 27, 2016(2016-01-27)",1.74
5,12,Live to Fight…,"February 3, 2016(2016-02-03)",1.51
5,13,God's Green Earth,"February 10, 2016(2016-02-10)",1.71
5,14,Self Defense,"February 17, 2016(2016-02-17)",1.58
5,15,Tick Tock,"February 24, 2016(2016-02-24)",1.73
5,16,25th Hour,"March 2, 2016(2016-03-02)",1.71
6,1,To Trouble,"July 13, 2016(2016-07-13)",1.85
6,2,Accounts Payable,"July 20, 2016(2016-07-20)",1.65
6,3,Back on the Map,"July 27, 2016(2016-07-27)",1.78
6,4,Turn,"August 3, 2016(2016-08-03)",1.81
6,5,Trust,"August 10, 2016(2016-08-10)",1.51
6,6,Spain,"August 17, 2016(2016-08-17)",1.68
6,7,Shake the Trees,"August 24, 2016(2016-08-24)",1.83
6,8,Borrowed Time,"August 31, 2016(2016-08-31)",1.88
6,9,The Hand That Feeds You,"September 7, 2016(2016-09-07)",1.87
6,10,P.S.L.,"September 14, 2016(2016-09-14)",1.92
6,11,She's Gone,"January 25, 2017(2017-01-25)",1.37
6,12,The Painting,"February 1, 2017(2017-02-01)",1.53
6,13,"Teeth, Nose, Teeth","February 8, 2017(2017-02-08)",1.28
6,14,Admission of Guilt,"February 15, 2017(2017-02-15)",1.21
6,15,Quid Pro Quo,"February 22, 2017(2017-02-22)",1.25
6,16,Character and Fitness,"March 1, 2017(2017-03-01)",1.13
7,1,Skin in the Game,"July 12, 2017(2017-07-12)",1.4
7,2,The Statue,"July 19, 2017(2017-07-19)",1.36
7,3,Mudmare,"July 26, 2017(2017-07-26)",1.41
7,4,Divide and Conquer,"August 2, 2017(2017-08-02)",1.41
7,5,Brooklyn Housing,"August 9, 2017(2017-08-09)",1.29
7,6,Home to Roost,"August 16, 2017(2017-08-16)",1.47
7,7,Full Disclosure,"August 23, 2017(2017-08-23)",1.35
7,8,100,"August 30, 2017(2017-08-30)",1.51
7,9,Shame,"September 6, 2017(2017-09-06)",1.64
7,10,Donna,"September 13, 2017(2017-09-13)",1.68
7,11,Hard Truths,"March 28, 2018(2018-03-28)",1.18
7,12,Bad Man,"April 4, 2018(2018-04-04)",1.06
7,13,Inevitable,"April 11, 2018(2018-04-11)",0.95
7,14,Pulling the Goalie,"April 18, 2018(2018-04-18)",0.99
7,15,Tiny Violin,"April 25, 2018(2018-04-25)",1.09
7,16,Good-Bye,"April 25, 2018(2018-04-25)",1.07
8,1,Right-Hand Man,"July 18, 2018(2018-07-18)",1.27
8,2,Pecking Order,"July 25, 2018(2018-07-25)",1.18
8,3,"Promises, Promises","August 1, 2018(2018-08-01)",1.16
8,4,Revenue Per Square Foot,"August 8, 2018(2018-08-08)",1.09
8,5,Good Mudding,"August 15, 2018(2018-08-15)",1.15
8,6,"Cats, Ballet, Harvey Specter","August 22, 2018(2018-08-22)",1.22
8,7,Sour Grapes,"August 29, 2018(2018-08-29)",1.13
8,8,Coral Gables,"September 5, 2018(2018-09-05)",1.3
8,9,Motion to Delay,"September 12, 2018(2018-09-12)",1.07
8,10,Managing Partner,"September 19, 2018(2018-09-19)",1.08
8,11,Rocky 8,"January 23, 2019(2019-01-23)",0.82
8,12,Whale Hunt,"January 30, 2019(2019-01-30)",0.91
8,13,The Greater Good,"February 6, 2019(2019-02-06)",0.77
8,14,Peas in a Pod,"February 13, 2019(2019-02-13)",0.78
8,15,Stalking Horse,"February 20, 2019(2019-02-20)",0.69
8,16,Harvey,"February 27, 2019(2019-02-27)",0.74
9,1,Everything's Changed,"July 17, 2019(2019-07-17)",1.04
9,2,Special Master,"July 24, 2019(2019-07-24)",1.04
9,3,Windmills,"July 31, 2019(2019-07-31)",0.94
9,4,Cairo,"August 7, 2019(2019-08-07)",1.0
9,5,If the Shoe Fits,"August 14, 2019(2019-08-14)",0.96
9,6,Whatever It Takes,"August 21, 2019(2019-08-21)",1.05
9,7,Scenic Route,"September 4, 2019(2019-09-04)",1.07
9,8,Prisoner's Dilemma,"September 11, 2019(2019-09-11)",0.97
9,9,Thunder Away,"September 18, 2019(2019-09-18)",0.96
9,10,One Last Con,"September 25, 2019(2019-09-25)",0.86
